PRN,Name,Lectures_Attended,Total_Lectures_Batch,Net_Attendance_Percentage,risk_category,performance_score
2501132028,Aarav Sarkar,5,17,29.411764705882355,Critical,0.0
2501132053,Voditel Abir Tushar,5,17,29.411764705882355,Critical,0.0
2501132134,Soham Rajendra Bhosale,5,16,31.25,Critical,0.03472222222222221
2501132094,Bodke Sharvari Vishal,5,16,31.25,Critical,0.03472222222222221
2501132126,Shreya Gupta,5,16,31.25,Critical,0.03472222222222221
2501132132,Ravi Raj,5,16,31.25,Critical,0.03472222222222221
2501132045,Sangle Tanvi Ashish,6,17,35.294117647058826,Critical,0.11111111111111116
2501132011,Gupta Mannat Sameer,6,17,35.294117647058826,Critical,0.11111111111111116
2501132073,Tanmay Jain,6,17,35.294117647058826,Critical,0.11111111111111116
2501132090,Bhosale Sneha Tushar,6,16,37.5,Critical,0.1527777777777778
2501132083,Smriti Pramanik,6,16,37.5,Critical,0.1527777777777778
2501132119,Niddhika Jayesh Shinde,6,16,37.5,Critical,0.1527777777777778
2501132117,Atharva Madhav Morbale,6,16,37.5,Critical,0.1527777777777778
2501132125,Chaudhari Jidnyesh Pradip,6,16,37.5,Critical,0.1527777777777778
2501132130,Krishna Haresh Rochani,6,16,37.5,Critical,0.1527777777777778
2501132065,Saanvi Bhagwat,7,17,41.17647058823529,Critical,0.2222222222222222
2501132048,Thamake Ananya Satish,7,17,41.17647058823529,Critical,0.2222222222222222
2501132095,Patil Purva Jagdish,7,16,43.75,Critical,0.27083333333333337
2501132081,Deshpande Aditya Milind,7,16,43.75,Critical,0.27083333333333337
2501132111,Rishabh Parikshit Gaud,7,16,43.75,Critical,0.27083333333333337
2501132109,Sayeed Numair Iqbal,7,16,43.75,Critical,0.27083333333333337
2501132123,Bagwan Rehan Javed,7,16,43.75,Critical,0.27083333333333337
2501132082,Devisree Chennu,7,16,43.75,Critical,0.27083333333333337
2501132128,Lahari Yenishetti,7,16,43.75,Critical,0.27083333333333337
2501132062,Pawar Pranav Vilas,8,17,47.05882352941176,Critical,0.33333333333333326
2501132029,Chauhan Vansh Jitendra,8,17,47.05882352941176,Critical,0.33333333333333326
2501132002,Uttekar Paarth Hanumant,8,17,47.05882352941176,Critical,0.33333333333333326
2501132004,Satvik Anand,8,17,47.05882352941176,Critical,0.33333333333333326
2501132042,Gaikwad Nupur Sachin,8,17,47.05882352941176,Critical,0.33333333333333326
2501132131,Kisan Babulal Choudhary,8,16,50.0,Warning,0.38888888888888895
2501132129,Dhamale Saee Rajendra,8,16,50.0,Warning,0.38888888888888895
2501132135,Nikam Kabeer Atul,8,16,50.0,Warning,0.38888888888888895
2501132124,Kohli Bineet,8,16,50.0,Warning,0.38888888888888895
2501132096,Shardul Vikram,8,16,50.0,Warning,0.38888888888888895
2501132121,Gopale Ashutosh Ramdas,8,16,50.0,Warning,0.38888888888888895
2501132043,Kolhe Advait Sagar,9,17,52.94117647058824,Warning,0.44444444444444453
2501132069,Raut Yash Onkar,9,17,52.94117647058824,Warning,0.44444444444444453
2501132003,Gupta Aastha Vijay,9,17,52.94117647058824,Warning,0.44444444444444453
2501132033,Changma Sujaan Niharbindu,9,17,52.94117647058824,Warning,0.44444444444444453
2501132075,Patil Pournima Leeladhar,9,17,52.94117647058824,Warning,0.44444444444444453
2501132120,Diya Mohanraj,9,16,56.25,Warning,0.5069444444444445
2501132114,Satwe Jui Aditya,9,16,56.25,Warning,0.5069444444444445
2501132097,Gavade Harshvardhan Sunil,9,16,56.25,Warning,0.5069444444444445
2501132115,Patil Rajvardhan Devendra,9,16,56.25,Warning,0.5069444444444445
2501132086,Shirawale Sanskar Jeevan,9,16,56.25,Warning,0.5069444444444445
2501132034,Mahak Choudhary,10,17,58.82352941176471,Warning,0.5555555555555557
2501132066,Dahikar Aryan Rajesh,10,17,58.82352941176471,Warning,0.5555555555555557
2501132016,Shruti Ashish Mahajan,10,17,58.82352941176471,Warning,0.5555555555555557
2501132049,Nemade Pragati Yogesh,10,17,58.82352941176471,Warning,0.5555555555555557
2501132054,Mane Mrunali Chandrakant,10,17,58.82352941176471,Warning,0.5555555555555557
2501132044,Aarush Soni,10,17,58.82352941176471,Warning,0.5555555555555557
2501132001,Patil Yoksh Laxman,10,17,58.82352941176471,Warning,0.5555555555555557
2501132055,Afreen Adam Pathan,10,17,58.82352941176471,Warning,0.5555555555555557
2501132059,Yashasvi Reddy Konda,10,17,58.82352941176471,Warning,0.5555555555555557
2501132103,Shaik Zaina Mehak,10,16,62.5,Warning,0.6250000000000001
2501132133,Shivam Kodag,10,16,62.5,Warning,0.6250000000000001
2501132061,Devanshi Chhikara,11,17,64.70588235294117,Warning,0.6666666666666666
2501132063,Saanvi Santosh Choudhari,11,17,64.70588235294117,Warning,0.6666666666666666
2501132072,Gire Siddhesh Vandu,11,17,64.70588235294117,Warning,0.6666666666666666
2501132076,Kulthe Chinmay Lakshmikant,11,17,64.70588235294117,Warning,0.6666666666666666
2501132071,Anshi,12,17,70.58823529411765,Warning,0.777777777777778
2501132015,Shetty Savar Satish,12,17,70.58823529411765,Warning,0.777777777777778
